<?xml version="1.0" encoding="UTF-8" ?>
<!DOCTYPE mapper PUBLIC "-//mybatis.org//DTD Mapper 3.0//EN" "http://mybatis.org/dtd/mybatis-3-mapper.dtd" >
<mapper namespace="com.dctc.ts.common.portal.mappercustom.SelfPaperCustomMapper" >

  <resultMap id="BaseResultMap" type="com.dctc.ts.common.portal.bean.SelfPaper" >
    <id column="seqid" property="seqid" jdbcType="INTEGER" />
    <result column="title" property="title" jdbcType="VARCHAR" />
    <result column="lastupdate" property="lastupdate" jdbcType="TIMESTAMP" />
    <result column="papertype" property="papertype" jdbcType="INTEGER" />
    <result column="abstracts" property="abstracts" jdbcType="VARCHAR" />
    <result column="thumbnail" property="thumbnail" jdbcType="VARCHAR" />
    <result column="logo" property="logo" jdbcType="VARCHAR" />
    <result column="pdfpath" property="pdfpath" jdbcType="VARCHAR" />
    <result column="createdtime" property="createdtime" jdbcType="TIMESTAMP" />
    <result column="creatorid" property="creatorid" jdbcType="INTEGER" />
    <result column="hits" property="hits" jdbcType="VARCHAR" />
    <result column="status" property="status" jdbcType="VARCHAR" />
  </resultMap>
  
  <!-- 报纸列表 -->
  <select id="find_paper_list" resultMap="BaseResultMap" parameterType="java.lang.Integer">
	select * from self_paper
  </select>
  
  <!-- 报纸title -->
  <select id="find_title" resultType="java.lang.String" parameterType="java.lang.Integer">
	select title from self_paper where seqid = #{seqid}
  </select>
  
  <!-- titlePage -->
  <select id="find_paper_title" resultType="java.lang.Integer">
	select count(*) from self_paper
  </select>
  
  <!-- 报纸收藏 -->
  <select id="find_favorite_paper" resultMap="BaseResultMap">
	select *
	from self_paper
	where seqid in
	<foreach item="item" index="index" collection="list"   
	     open="(" separator="," close=")">  
	    #{item}  
	</foreach>  
  </select> 
  
  <!-- book随便看看 -->
  <select id="find_casual_paper" resultMap="BaseResultMap">
    select * from self_paper order by seqid asc limit 0,2
  </select>
</mapper>