<?xml version="1.0" encoding="UTF-8" ?>
<!DOCTYPE mapper PUBLIC "-//mybatis.org//DTD Mapper 3.0//EN" "http://mybatis.org/dtd/mybatis-3-mapper.dtd" >
<mapper namespace="com.dctc.ts.common.portal.mappercustom.SelfJournallistCustomMapper" >

  <resultMap id="BaseResultMap" type="com.dctc.ts.common.portal.bean.SelfJournallist">
    <id column="seqid" jdbcType="INTEGER" property="seqid" />
    <result column="journalid" jdbcType="INTEGER" property="journalid" />
    <result column="thumbnail" jdbcType="VARCHAR" property="thumbnail" />
    <result column="link" jdbcType="VARCHAR" property="link" />
    <result column="createdtime" jdbcType="TIMESTAMP" property="createdtime" />
    <result column="creator" jdbcType="INTEGER" property="creator" />
  </resultMap>
  
  <!-- Journallist -->
  <select id="find_journalList" resultMap="BaseResultMap" parameterType="java.lang.Integer">
    select seqid,thumbnail,link,createdtime,creator
    from self_journallist
    where journalid = #{id}
  </select>

</mapper>